e2,e3,e4,age,y1,y2,y3
0,2,0,63.73,1.288486,1.034624,1.280606
1,0,1,72.35,1.219326,1.161336,1.433807
0,2,0,71.85,1.202617,1.112702,1.380052
2,0,0,72.5,1.395109,1.302376,1.614985
1,0,1,73.3,2.399618,1.967291,1.548627
0,2,0,73.2,3.228513,2.524575,1.849093
0,0,2,81.93,2.409117,1.987636,1.555272
0,1,1,80,2.302364,1.913131,1.496421
0,2,0,84.07,1.215721,1.213999,1.269155
0,1,1,81.27,2.909871,2.300672,1.528078
0,2,0,65.17,1.194223,1.143411,1.340816
0,2,0,76.63,2.089826,1.509682,1.471027
0,2,0,76.17,2.982822,2.537124,1.388756
0,1,1,73.33,2.605043,2.311188,1.815003
0,1,1,82.3,1.298962,1.139233,1.486176
0,1,1,82.2,1.941302,1.537212,1.233565
0,2,0,84.7,1.355881,1.123649,1.224653
0,2,0,80.6,2.620151,1.986089,1.636047
0,1,1,75.4,1.623972,1.318057,1.50458
0,2,0,70.7,1.351574,1.25881,1.605895
0,1,1,74.3,3.484745,2.670958,1.995695
1,0,1,83.73,2.023353,1.941324,1.548984
0,0,2,76.25,3.167124,2.389257,1.482193
0,0,2,72.8,2.952782,2.602264,1.712888
0,2,0,72.67,1.363943,1.068032,1.337275
0,2,0,83.22,1.41028,1.230658,1.637129
0,2,0,69.9,2.001711,1.502081,1.226705
0,1,1,57.3,3.232358,2.54035,1.511102
0,0,2,67.77,3.187505,2.440852,1.660798
0,2,0,84.67,1.380113,1.132784,1.492781
0,0,2,75.7,2.945341,2.463281,1.650682
0,1,1,61.85,2.41485,2.167031,1.326572
